iter	RMSE
0	6439.439971
1	6251.71785
2	6092.190725
3	5959.658282
4	5846.346194
5	5749.104309
6	5672.241251
7	5603.049668
8	5540.635546
9	5490.258988
10	5448.010503
11	5413.658758
12	5383.231246
13	5355.293103
14	5325.0535
15	5301.814301
16	5282.892758
